Month,January,February,March,April,May,June,July,August,September,October,November,December
House Blend,55200,60720,65577.6,66233.376,67558.04352,72962.6870016,69314.55265152,63769.3884393984,68233.2456301563,64139.2508923469,63497.8583834235,64767.8155510919
Rich Blend," 	46,400 "," 	51,504 "," 	55,109 "," 	56,211 "," 	55,087 "," 	51,231 "," 	49,182 "," 	44,264 "," 	46,920 "," 	47,858 "," 	51,687 "," 	59,440 "
Bold Blend," 	35,200 "," 	40,480 "," 	41,290 "," 	39,225 "," 	36,087 "," 	32,478 "," 	30,530 "," 	29,003 "," 	29,873 "," 	31,666 "," 	34,832 "," 	36,226 "
Colombian," 	28,700 "," 	30,709 "," 	31,016 "," 	31,636 "," 	33,535 "," 	30,181 "," 	21,127 "," 	15,845 "," 	19,014 "," 	21,866 "," 	27,333 "," 	28,699 "
Arabian Mocha," 	22,100 "," 	23,205 "," 	23,669 "," 	21,302 "," 	20,876 "," 	19,624 "," 	19,427 "," 	20,593 "," 	19,357 "," 	20,906 "," 	20,927 "," 	22,392 "
French Roast," 	19,900 "," 	20,696 "," 	22,766 "," 	25,270 "," 	29,060 "," 	31,385 "," 	33,268 "," 	33,601 "," 	31,585 "," 	26,847 "," 	21,478 "," 	21,692 "
Espresso," 	16,800 "," 	21,000 "," 	19,950 "," 	18,155 "," 	16,339 "," 	16,829 "," 	19,354 "," 	20,321 "," 	21,947 "," 	23,703 "," 	25,409 "," 	27,696 "